symbol,net_profit_cagr,north_net_inflow,ps,type,percent,has_follow,tick_size,pb_ttm,float_shares,current,amplitude,pcf,current_year_percent,float_market_capital,north_net_inflow_time,market_capital,dividend_yield,lot_size,roe_ttm,total_percent,percent5m,income_cagr,amount,chg,issue_date_ts,eps,main_net_inflows,volume,volume_ratio,pb,followers,turnover_rate,mapping_quote_current,first_percent,name,pe_ttm,dual_counter_mapping_symbol,total_shares,limitup_days
SH600984,221.40748618660368,,2.2938,11,10.07,False,0.01,1.731,1257043925,4.59,8.15,9.304,12.22,5769831616,,5769831616,,100,-29.00340149757635,30.68,0.0,-14.427444092463027,643965981,0.42,1089129600000,-1.03,96246967.0,142894616,2.37,1.731,30431,11.37,,31.09,建设机械,,,1257043925,2
SH601777,-29.860958832119966,0.0,5.6176,11,10.05,False,0.01,4.926,4521100071,11.39,9.47,20.6557,7.15,51495329809,1770912000000.0,51495329809,,100,0.5104456091147079,-32.77,0.0,5.457207722751067,1249177728,1.04,1290614400000,0.01,,112289193,2.69,4.926,293858,2.48,,23.24,千里科技,965.25,,4521100071,2
SH601890,27.4329972680472,0.0,5.7533,11,10.04,False,0.01,3.21,959400000,12.39,8.7,70.1439,20.41,11886966000,1770912000000.0,11886966000,1.13,100,8.274440516673824,39.94,0.0,11.351273183484167,991289357,1.13,1293465600000,0.31,,81901859,1.71,3.21,93828,8.54,,6.58,亚星锚链,39.616,,959400000,2
SH605033,-40.32732055231815,,4.447,11,10.02,False,0.01,3.378,135200000,28.67,0.0,15.5308,42.78,3876184000,,3876184000,0.523,100,2.6070613944005396,96.36,0.0,-1.504186032306154,78780659,2.61,1631721600000,0.22,,2747843,0.82,3.378,8691,2.03,,43.97,美邦股份,130.164,,135200000,4
SH600629,-13.929721259806271,0.0,2.6892,11,10.02,False,0.01,3.876,953117050,21.19,10.07,47.2789,-2.35,20196550290,1770912000000.0,20561476184,0.576,100,5.718430204684435,1383.69,0.0,-3.6635187243020284,803527911,1.93,729187200000,0.31,,38621147,2.17,3.876,55341,4.05,,-28.86,华建集团,69.03,,970338659,2
SH600893,-53.44034592063649,0.0,3.3989,11,10.01,False,0.01,3.83,2665124758,57.17,10.53,,42.82,152365182415,1770912000000.0,152392022586,0.17,100,0.6081674070435965,2174.34,0.0,4.442633701449483,5530400585,5.2,828892800000,0.09,,100418561,1.84,3.83,328460,3.77,,22.49,航发动力,629.475,,2665594238,2
SH600410,-50.02262686048526,0.0,6.043,11,10.01,False,0.01,5.689,1096494683,24.61,11.62,119.4057,37.64,26984734149,1770912000000.0,26984734149,0.028,100,13.511667162628108,1192.0,0.0,3.788571757466541,5537259810,2.24,1082995200000,0.54,-61745903.0,228716916,1.18,5.689,130384,20.86,,33.14,华胜天成,45.238,,1096494683,2
SH603960,-16.771600804103105,0.0,13.7186,11,10.0,False,0.01,6.502,262197900,27.73,11.74,77.6481,39.77,7270747767,1770912000000.0,7270747767,0.206,100,3.996288386116784,547.38,0.0,-9.651084121619268,780909766,2.52,1489420800000,0.17,-55845348.0,28986739,1.33,6.502,34046,11.06,,43.95,克来机电,165.056,,262197900,2
SH605289,45.49405557189241,0.0,10.1022,11,10.0,False,0.01,7.662,108337500,89.98,12.2,,36.83,9748208250,1770912000000.0,9808494850,,100,-2.2759321257309058,255.31,0.0,53.1405143044867,944517302,8.18,1619366400000,-0.27,88372706.0,10715147,1.69,7.662,14912,9.89,,44.0,罗曼股份,,,109007500,2
SH603331,10.977293857757765,,2.6195,11,10.0,False,0.01,3.018,202175636,19.8,9.44,10.6698,38.95,4003077593,,4003077593,0.404,100,5.501343270559685,166.97,0.0,5.822921718134344,529055139,1.8,1499184000000,0.35,14803100.0,27246999,0.8,3.018,9506,13.48,,44.03,百达精工,56.116,,202175636,2
SH603163,6.32370604283361,,4.8176,11,10.0,False,0.01,11.589,100000000,128.99,11.08,135.5744,88.03,12899000000,,12899000000,0.698,100,12.447694676178676,429.94,0.0,21.739853440211697,395203041,11.73,1665590400000,1.36,,3136574,0.88,11.589,12630,3.14,,44.0,圣晖集成,94.876,,100000000,2
SH603533,71.40825049282071,0.0,5.2719,11,10.0,False,0.01,7.142,438896835,37.62,4.74,,70.07,16511298933,1770912000000.0,16511298933,0.266,100,-5.433856310797166,565.17,0.0,8.779965739478278,2462157867,3.42,1505923200000,-0.3,,66354258,3.53,7.142,84180,15.12,,43.95,掌阅科技,,,438896835,6
SH603466,-2.64284583065566,0.0,3.972,11,9.98,False,0.01,3.298,594786019,11.68,7.82,26.2714,24.79,6947100702,1770912000000.0,6947100702,1.712,100,1.5716283801747455,168.8,0.0,4.358893931138175,1708631366,1.06,1508428800000,0.06,-82642450.0,148297137,1.37,3.298,51120,24.93,,44.02,风语筑,202.077,,594786019,2
SH605007,-0.812049391490488,0.0,0.904,11,9.97,False,0.01,2.275,401553050,16.43,9.24,,21.61,6597516612,1770912000000.0,7816243949,1.528,100,6.894683260518065,46.96,0.0,14.899354749611703,318974792,1.49,1604937600000,0.45,,20202717,1.6,2.28,14618,5.03,,44.0,五洲特纸,36.219,,475730003,2
SH600791,,,0.8209,11,9.95,False,0.01,8.368,452313696,7.29,10.26,45.3404,55.77,3297366844,,3301495200,,100,-17.857834398484464,412.95,0.0,-23.343174638354125,153431222,0.66,854553600000,-0.61,,21472022,1.36,8.368,26592,4.75,,0.0,京能置业,,,452880000,2
SH600397,88.91248835421779,0.0,4.1568,11,8.25,False,0.01,98.631,989959882,15.49,7.97,,103.82,15334478572,1770912000000.0,15334478572,,100,-169.55462714390924,414.82,-1.46,-29.084689391680342,2717326627,1.18,1025539200000,-0.42,171107839.0,174462407,2.35,98.6,42760,17.62,,102.34,江钨装备,,,989959882,0
SH603090,7.605933237765683,,11.0833,11,7.63,False,0.01,13.522,100000000,82.9,12.94,88.2686,49.5,8290000000,,8290000000,0.362,100,11.084266344471102,780.83,0.73,2.134994351279773,822581986,5.88,1472572800000,0.66,,10460274,2.0,13.522,12052,10.46,,44.04,宏盛股份,125.663,,100000000,0
SH605255,7.890499613097313,0.0,54.8592,11,7.15,False,0.01,22.45,134080000,135.11,7.91,154.5692,-38.03,18115548800,1770912000000.0,18115548800,0.329,100,3.9693748699293976,912.86,-0.18,-0.4245653055425125,365041160,9.01,1598284800000,0.24,,2720500,1.26,22.45,25474,2.03,,44.0,天普股份,556.865,,134080000,0
SH603103,53.22250686258174,0.0,9.8344,11,6.63,False,0.01,16.113,634200000,34.9,18.82,34.3027,110.49,22133580000,1770912000000.0,22133580000,0.401,100,6.754285962704825,175.99,-0.99,17.455910564242515,1327989337,2.17,1507737600000,0.15,-143928516.0,41525831,1.54,16.113,31118,6.55,,44.01,横店影视,239.963,,634200000,0
SH603297,-6.9700963397378635,0.0,15.0928,11,6.33,False,0.01,6.911,110729100,124.5,9.94,52.2879,18.23,13785772950,1770912000000.0,13811619150,0.684,100,11.373730897657605,463.59,-0.1,3.6708511671939004,409957861,7.41,1536508800000,1.98,,3305011,1.82,6.911,35174,2.98,,43.99,永新光学,62.962,,110936700,0
SH600641,,0.0,13.1365,11,5.81,False,0.01,2.164,930629920,18.95,9.72,,7.43,17635436984,1770912000000.0,17635436984,0.227,100,1.9167146618548507,1814.72,-0.05,20.393400605393364,931909886,1.04,734112000000,0.17,,49429235,2.21,2.164,56697,5.31,,175.0,先导基电,111.699,,930629920,0
SH600977,,0.0,7.7179,11,5.34,False,0.01,3.133,1867000000,18.55,8.01,,18.0,34632850000,1770912000000.0,34632850000,0.248,100,-0.07876290821128347,89.71,0.16,15.012654706911444,2044140997,0.94,1470672000000,0.0,-75295436.0,112662525,0.85,3.133,81557,6.03,,43.95,中国电影,,,1867000000,0
SH605136,-38.7373625634857,,2.8138,11,5.27,False,0.01,1.929,400458500,11.79,8.04,146.6919,7.67,4721405715,,4721405715,0.051,100,-1.3437342864414705,-31.19,0.0,-20.035786947923896,502876372,0.59,1601308800000,-0.08,-114124634.0,41693700,1.81,1.929,25565,10.41,,43.99,丽人丽妆,,,400458500,0
SH603045,26.965743024734977,,0.8694,11,5.17,False,0.01,3.975,135445155,29.9,12.21,,52.16,4049810135,,4049810135,0.204,100,5.998467962157695,211.57,0.2,31.680438519595278,306550472,1.47,1526486400000,0.44,,10432840,1.59,3.975,15351,7.7,,44.04,福达合金,67.986,,135445155,0
SH603021,-28.769467873271715,,5.2088,11,5.07,False,0.01,,319948070,6.42,5.89,51.461,37.47,2054066609,,2054066609,,100,-456.0643693760309,36.11,0.0,-20.920013047396026,85365972,0.31,1429718400000,-0.46,,13379440,1.09,,24204,4.18,,43.99,ST华鹏,,,319948070,2
SH603268,97.487312695461,,11.3701,11,5.0,False,0.01,12.044,124168800,100.1,6.51,77.3288,20.05,12429296880,,97174908130,,100,27.72598887300644,920.51,0.0,50.69237130174964,624904700,4.77,1426694400000,1.15,,6332800,1.23,12.044,21304,5.1,,44.0,*ST松发,86.722,,970778303,3
SH603667,-14.733958041643403,0.0,9.614,11,4.98,False,0.01,11.128,366202770,90.64,9.62,165.1944,29.52,33192619073,1770912000000.0,33192619073,0.132,100,3.096009747972536,938.39,0.0,3.1529892346260135,4849235546,4.3,1477324800000,0.25,,54025778,1.0,11.128,71965,14.75,,43.98,五洲新春,362.285,,366202770,0
SH600538,,,11.1951,11,4.81,False,0.01,4.586,524198348,6.75,6.52,,10.29,3538338849,,3538338849,,100,-9.484402874966374,49.84,-0.15,-12.407615642979719,139877426,0.31,1042473600000,-0.15,,21008400,0.71,4.586,17437,4.01,,112.71,国发股份,,,524198348,0
SH605183,14.202371217198028,0.0,4.1674,11,4.22,False,0.01,2.548,412429445,22.21,7.51,13.3617,11.5,9160057973,1770912000000.0,9236764650,1.351,100,16.432645998965,43.47,-0.09,8.373961968202925,153524611,0.9,1607270400000,1.34,,6917478,2.29,2.548,12414,1.68,,44.02,确成股份,16.525,,415883145,0
SH603929,62.05009341907135,0.0,7.6915,11,4.19,False,0.01,16.778,213360000,146.78,8.08,23.5594,53.7,31316980800,1770912000000.0,31316980800,1.363,100,36.18156240380978,2371.63,-0.03,7.601305962755678,913958154,5.9,1483027200000,3.0,,6194417,1.26,16.778,35879,2.9,,43.93,亚翔集成,48.983,,213360000,0
SH603000,-26.107952279584513,0.0,13.8786,11,4.09,False,0.01,7.744,1105691056,25.72,7.69,71.9132,35.01,28438373960,1770912000000.0,28438373960,0.513,100,5.139155545185102,262.35,0.23,0.691598543984373,3902499164,1.01,1335456000000,0.17,-250296539.0,149139784,1.7,7.744,124956,13.49,,73.6,人民网,152.311,,1105691056,0
SH603197,4.016443499474076,0.0,1.0035,11,4.08,False,0.01,2.517,213659844,37.79,5.76,19.5655,2.16,8074205505,1770912000000.0,8074205505,2.202,100,7.922094968073077,80.19,0.0,20.943733298420184,319922686,1.48,1495123200000,1.18,,8472134,2.4,2.517,42232,3.97,,43.99,保隆科技,32.045,,213659844,0
SH603306,7.127213151161205,0.0,10.453,11,3.82,False,0.01,8.28,329494313,77.96,7.22,74.0566,23.73,25687376641,1770912000000.0,25687376641,0.122,100,7.209793159218006,1113.2,-0.05,16.133889520074685,1111096719,2.87,1411660800000,0.77,,14299967,1.08,8.28,45371,4.34,,44.04,华懋科技,101.214,,329494313,0
SH603828,-47.335228919994975,,2.072,11,3.69,False,0.01,6.234,595939625,6.74,4.0,53.3985,-19.57,4016633073,,4016771465,,100,-15.360333027729201,26.69,0.75,-6.415967888846518,30639847,0.24,1424880000000,-0.18,,4607300,0.93,6.234,9718,0.77,,44.01,ST柯利达,,,595960158,0
SH603284,-4.4554812178594805,,1.6364,11,3.5,False,0.01,2.852,18473403,55.06,10.43,16.9589,45.35,1017145569,,4152338888,,100,,-12.76,0.11,-3.9070192328836573,464896407,1.86,1770652800000,1.83,-17769525.4,8460340,0.84,,750,45.8,,55.57,C林平,30.071,,75414800,0
SH603738,-42.23591565531129,0.0,7.3222,11,3.49,False,0.01,3.828,385887492,17.48,5.27,54.6127,11.27,6745313360,1770912000000.0,6745313360,0.463,100,2.16304866164563,348.75,0.17,1.3585123104896235,484934562,0.59,1474992000000,0.1,,27779082,1.9,3.862,37203,7.2,,43.99,泰晶科技,176.649,,385887492,0
SH600730,-33.69676733308107,0.0,52.4645,11,3.46,False,0.01,3.428,586656002,10.47,4.94,,-4.3,6142288341,1770912000000.0,6142288341,0.096,100,0.47238269703203056,290.56,0.19,-7.222275620951935,224121341,0.35,838310400000,0.01,,21342200,1.51,3.428,34832,3.64,,216.25,中国高科,726.238,,586656002,0
SH601595,,0.0,17.0774,11,3.44,False,0.01,8.417,448200000,32.51,9.74,107.9868,13.55,14570982000,1770912000000.0,14570982000,0.443,100,7.105309690433276,238.55,-0.52,27.530596743952195,1237957910,1.08,1471363200000,0.27,86623633.0,38280803,1.1,8.416,43716,8.54,,43.96,上海电影,119.374,,448200000,0
SH603922,,,5.8182,11,3.42,False,0.01,3.91,179200000,22.68,5.7,66.5281,9.25,4064256000,,4064256000,,100,1.9221901676960056,54.61,0.18,7.3500778032769,179954331,0.75,1508688000000,0.11,,7986120,1.21,3.91,6818,4.46,,44.01,金鸿顺,205.873,,179200000,0
SH600391,-6.805698454163389,0.0,3.9314,11,3.42,False,0.01,9.668,330129367,51.41,7.64,13.2607,38.57,16971950757,1770912000000.0,16971950757,,100,2.633560500655238,461.74,-0.02,6.065260446512588,1397970258,1.7,1008086400000,0.14,,27309177,1.04,9.668,252770,8.27,,259.57,航发科技,379.06,,330129367,0
SH600673,-4.396720784630437,0.0,7.9605,11,3.34,False,0.01,11.684,3001557927,37.8,6.78,163.243,68.52,113458889641,1770912000000.0,113761181230,,100,10.286041567756035,3713.94,0.61,8.813790737188887,4643225437,1.22,748195200000,0.32,,124910651,1.46,11.684,76419,4.16,,238.16,东阳光,117.518,,3009555059,0
SH600966,-14.377784224845103,0.0,0.5798,11,3.19,False,0.01,1.525,1336844288,8.42,6.37,3.9743,23.28,11256228905,1770912000000.0,11256228905,0.333,100,2.093213701823256,397.61,0.0,2.1732446091234037,262694257,0.26,1086624000000,0.11,,31165121,1.32,1.525,36661,2.33,,24.73,博汇纸业,75.998,,1336844288,0
SH600960,,,1.6911,11,3.17,False,0.01,1.505,950515518,5.85,10.23,,4.84,5560515780,,5560515780,,100,-20.98882888553617,62.3,0.34,-9.64025639528674,791870870,0.18,1081267200000,-0.91,,135275001,2.9,1.505,24795,14.23,,100.0,渤海汽车,,,950515518,0
SH603124,26.929740909433164,,1.4762,11,3.07,False,0.01,8.109,29225675,99.99,9.91,,26.78,2922275243,,14573062448,0.37,100,,52.68,-0.37,18.222304838294214,288175854,2.98,1742400000000,1.41,,2852235,1.55,8.109,5492,9.76,,606.83,江南新材,70.724,,145745199,0
SH603186,194.11852080669073,0.0,2.9556,11,2.99,False,0.01,8.541,156659835,79.93,9.19,40.1061,61.15,12521820612,1770912000000.0,12521820612,,100,-1.839979858846272,996.25,-0.17,10.006520759044868,1112850718,2.32,1483372800000,-0.18,,14042793,0.98,7.743,36581,8.96,,43.95,华正新材,,,156659835,0
SH603685,,,5.1221,11,2.96,False,0.01,4.969,201465747,24.72,4.75,25.2067,26.83,4980233266,,6203498041,0.061,100,1.9488821208595062,81.29,-0.6,0.8206729140513236,135019559,0.71,1511712000000,0.09,,5541518,1.11,3.72,6764,2.75,,44.01,晨丰科技,262.421,,250950568,0
SH603311,8.980802827403789,,4.6759,11,2.93,False,0.01,2.899,235883907,16.89,6.4,45.2536,10.54,3984079189,,3984079189,0.71,100,6.793652502710934,142.37,0.0,3.345273606764554,140765182,0.48,1431878400000,0.38,,8295800,1.31,2.899,15144,3.52,,43.97,金海高科,43.914,,235883907,0
SH603607,-4.641372052270798,,4.9123,11,2.86,False,0.01,4.512,178516800,25.54,4.47,24.7862,-6.45,4559319072,,4559319072,2.741,100,10.595811415360002,159.54,-0.08,2.1700364315394127,210196690,0.71,1508860800000,0.6,,8236345,0.89,4.512,18681,4.61,,44.02,京华激光,42.222,,178516800,0
SH600939,,0.0,0.242,11,2.85,False,0.01,0.824,1902474944,3.25,4.11,270.8832,2.52,6183043568,1770912000000.0,6183043568,,100,-12.75334952146573,-6.04,0.62,-20.33591289611313,71650823,0.09,1487606400000,-0.53,,22451915,1.55,0.824,18209,1.18,,43.91,重庆建工,,,1902474944,0
SH603079,31.989140635428704,,4.4612,11,2.85,False,0.01,2.378,189029624,19.82,4.67,27.9034,11.85,3746567148,,3746567148,,100,4.318906721383646,126.57,0.05,4.585536613995833,75366236,0.55,1503417600000,0.32,,3800187,1.35,2.378,14433,2.01,,44.0,圣达生物,61.335,,189029624,0
SH600862,10.049063731623043,0.0,7.4813,11,2.83,False,0.01,5.029,1393049107,26.92,3.9,27.2674,13.92,37500881960,1770912000000.0,37500881960,0.925,100,14.645413002983151,2854.67,-0.04,3.943065459663342,1443842166,0.74,769363200000,0.75,,53958308,1.66,5.029,82781,3.87,,84.21,中航高科,35.818,,1393049107,0
SH603800,-6.934250575723766,0.0,6.9372,11,2.82,False,0.01,9.607,208000000,39.8,7.41,72.347,-18.39,8278400000,1770912000000.0,8278400000,0.251,100,11.431619890630722,179.6,0.05,-19.545227609404126,242953710,1.09,1449676800000,0.45,,6049300,1.66,9.607,29403,2.91,,44.02,洪田股份,87.795,,208000000,0
SH600110,,0.0,1.9014,11,2.8,False,0.01,2.055,1735180932,6.97,5.46,11.3336,-1.69,12094211096,1770912000000.0,12094211096,,100,-3.9026477387569503,715.3,-0.14,13.130754564251967,407249020,0.19,876153600000,-0.13,,58736832,1.5,2.055,79442,3.39,,0.0,诺德股份,,,1735180932,0
SH603138,19.77379981921985,,16.2809,11,2.79,False,0.01,8.907,288342850,23.25,13.66,143.5451,63.5,6703971263,,6832540508,,100,-11.945561686683021,402.64,0.13,13.105322619206028,1631343205,0.63,1488729600000,-0.32,,72410885,1.53,8.907,33960,25.11,,44.04,海量数据,,,293872710,0
SH603398,79.54012578647055,,15.8641,11,2.77,False,0.01,6.257,433641524,9.27,3.66,65.0584,12.09,4019856927,,4019856927,,100,-96.38739385431967,44.5,0.11,-35.71461538007179,79888132,0.25,1449590400000,-2.76,,8612480,0.9,6.257,29482,1.99,,44.02,*ST沐邦,,,433641524,0
SH603373,4.962790126192362,0.0,1.639,11,2.73,False,0.01,2.487,45430108,41.8,5.41,10.1481,10.12,1898978514,1770912000000.0,4494623668,1.675,100,7.276223788798483,-5.06,-0.14,5.25187148435502,243873550,1.11,1703001600000,1.2,,5756876,3.0,2.487,4529,12.67,,141.88,安邦护卫,34.733,,107526882,0
SH603917,,,4.6581,11,2.72,False,0.01,1.836,203840000,15.13,4.21,38.7283,2.3,3084099200,,3084099200,0.991,100,0.5994952056262894,12.6,0.07,0.3086959193872252,173578078,0.4,1512316800000,0.05,,11450700,1.92,1.836,15504,5.62,,44.02,合力科技,304.626,,203840000,0
SH600748,,0.0,3.3792,11,2.6,False,0.01,0.975,1844562892,5.52,4.65,,1.85,10181987164,1770912000000.0,10181987164,,100,-6.164425088841638,268.37,0.0,-14.301493043803838,97664882,0.14,843580800000,-0.34,,17727241,1.37,0.975,41577,0.96,,110.74,上实发展,,,1844562892,0
SH600768,-66.87992026379575,,2.1463,11,2.59,False,0.01,6.148,133747200,17.8,6.17,,27.14,2380700160,,2380700160,0.843,100,3.452022099658754,430.57,0.06,55.168608009144336,118727037,0.45,847641600000,0.1,,6659038,1.1,6.148,11169,4.98,,114.23,宁波富邦,174.353,,133747200,0
SH600869,-0.9118699670859542,0.0,1.0006,11,2.59,False,0.01,6.595,2219352746,12.66,6.0,26.226,57.27,28097005764,1770912000000.0,28097005764,,100,-1.1696979277669282,1526.62,-0.08,10.106987544428225,923567121,0.32,792000000000,-0.02,,73040205,0.96,6.595,52472,3.29,,0.0,远东股份,,,2219352746,0
SH603069,,0.0,10.5313,11,2.57,False,0.01,8.887,316000000,22.76,3.83,114.2572,-16.17,7192160000,1770912000000.0,7192160000,,100,-16.342193243275386,407.81,0.04,-4.8976133381376075,198075901,0.57,1468252800000,-0.44,,8679092,1.34,8.887,49687,2.75,,43.98,海汽集团,,,316000000,0
SH600372,-14.10448633156457,0.0,3.2263,11,2.55,False,0.01,2.028,4838896630,16.06,5.3,272.1226,19.67,77712679878,1770912000000.0,77712679878,0.573,100,2.1960408509174068,292.32,-0.12,-4.45675363190553,1986662486,0.4,994348800000,0.17,,124063180,1.73,2.028,158223,2.56,,90.25,中航机载,93.911,,4838896630,0
SH603843,37.99672039921897,,3.3759,11,2.5,False,0.01,14.353,699623237,5.74,3.93,,0.35,4015837380,,4015837380,,100,-85.05166028263491,36.7,0.0,-21.450465072937263,121303889,0.14,1473004800000,-0.71,,21305198,0.85,14.354,28793,3.05,,43.94,*ST正平,,,699623237,0
SH601007,-9.744973427117598,,1.8434,11,2.48,False,0.01,2.036,390000000,8.27,3.59,17.2952,5.89,3225300000,,3225300000,0.846,100,1.882905365947385,49.0,-0.12,6.51124299687289,110193107,0.2,1175788800000,0.08,,13363801,1.26,2.036,33048,3.43,,214.59,金陵饭店,108.117,,390000000,0
SH600476,,,3.1448,11,2.46,False,0.01,19.466,161070000,13.73,4.48,47.896,-14.24,2211491100,,2211491100,,100,-8.571379905864372,150.99,0.0,9.959065001848577,94202839,0.33,1070985600000,-0.06,,6890300,1.01,19.467,32455,4.28,,131.47,湘邮科技,,,161070000,0
SH603078,-5.199049785542831,0.0,8.0025,11,2.45,False,0.01,4.909,385637248,24.67,4.36,48.1389,38.21,9513670908,1770912000000.0,9513670908,0.365,100,5.065867437746899,282.05,-0.08,9.091467185413627,635479178,0.59,1491753600000,0.24,,25791535,1.29,4.909,41813,6.69,,44.0,江化微,104.363,,385637248,0
SH603156,2.0739140402795897,0.0,6.9054,11,2.35,False,0.01,4.405,1260277566,31.42,8.6,28.586,9.29,39597921124,1770912000000.0,39597921124,5.92,100,17.094071345400863,28.25,-0.03,-1.8828553991939612,489072110,0.72,1518364800000,1.28,,15442037,2.33,4.405,68318,1.23,,44.0,养元饮品,24.564,,1260277566,0
SH603683,122.56644326733084,0.0,3.55,11,2.3,False,0.01,4.506,287309757,24.87,3.29,34.2466,-2.78,7145393657,1770912000000.0,7222538009,0.362,100,4.377518727881215,224.17,0.61,13.957723211334084,271134083,0.56,1508428800000,0.22,,10952360,1.33,4.493,13869,3.81,,44.0,晶华新材,112.648,,290411661,0
SH603334,7.908988483245927,,2.7936,11,2.3,False,0.01,8.979,31053628,54.75,5.4,,30.98,1700186133,,7856625000,,100,,-17.05,0.04,22.77143783419442,170300538,1.23,1762272000000,1.08,,3095091,0.74,4.706,2417,9.97,,172.6,丰倍生物,50.873,,143500000,0
SH603316,-7.978036543374301,,7.0967,11,2.29,False,0.01,5.71,264264000,13.86,5.98,58.0037,-4.41,3662699040,,3662699040,,100,-13.10923052349523,127.25,-0.14,-1.105935634741162,149794790,0.31,1497801600000,-0.34,,10694700,1.52,5.71,13603,4.05,,43.99,诚邦股份,,,264264000,0
SH600097,28.68356912250727,,1.323,11,2.28,False,0.01,1.304,240936559,12.55,3.34,13.6672,10.48,3023753815,,3023753815,0.637,100,4.6649774233307815,30.77,0.4,5.441086300891973,146871235,0.28,866649600000,0.44,,11726900,1.13,1.304,18810,4.87,,0.0,开创国际,28.708,,240936559,0
SH600288,70.24597781106642,0.0,3.619,11,2.26,False,0.01,3.637,436800000,15.85,3.42,32.6368,5.81,6923280000,1770912000000.0,6923280000,,100,2.291710706101221,107.79,0.0,-4.954223649098921,141409909,0.35,975427200000,0.1,,8932870,1.44,3.637,41278,2.05,,307.22,大恒科技,160.497,,436800000,0
SH603155,-32.92831792273595,0.0,9.8357,11,2.24,False,0.01,2.783,315786800,19.14,7.59,104.7733,11.73,6044159352,1770912000000.0,6044159352,2.874,100,4.166037041165799,16.16,0.16,-19.86730612477492,364401004,0.42,1598889600000,0.3,,19516531,2.38,2.783,12798,6.18,,43.99,新亚强,64.191,,315786800,0
SH603038,42.73060473032943,,3.3143,11,2.18,False,0.01,3.352,268677106,17.38,4.7,38.4484,7.95,4669608102,,4669608102,0.288,100,2.5341569615662123,100.05,-0.34,28.86172014476134,112005172,0.37,1484496000000,0.13,,6425661,1.63,3.352,17919,2.39,,43.98,华立股份,133.348,,268677106,0
SH603638,15.847311452492496,0.0,6.9126,11,2.17,False,0.01,6.006,831088810,25.46,4.37,40.7805,34.5,21159521103,1770912000000.0,21159521103,0.589,100,10.688232262682664,1420.45,0.04,16.16404199574182,409522767,0.54,1484841600000,0.46,,16152054,1.05,6.006,23892,1.94,,44.07,艾迪精密,55.746,,831088810,0
SH600376,133.93844739945814,0.0,0.4464,11,2.15,False,0.01,2.255,2579565242,5.7,3.58,0.9866,-13.77,14703521879,1770912000000.0,14703521879,,100,-45.32392165109954,116.01,0.18,-6.782103452400512,413180621,0.12,984326400000,-2.7,,72404180,1.31,2.255,65814,2.81,,178.85,首开股份,,,2579565242,0
SH603776,32.87260059973707,0.0,13.2257,11,2.11,False,0.01,1.487,280760572,18.88,4.22,43.1654,5.59,5300759599,1770912000000.0,5300759599,1.133,100,-3.2607742379052276,54.28,-0.05,-16.95544445662597,123202607,0.39,1502899200000,-0.38,,6486278,1.19,1.487,26125,2.31,,43.99,永安行,,,280760572,0
SH603165,5.375251404408687,,1.8467,11,2.09,False,0.01,1.986,284998243,14.14,3.83,,14.64,4029875156,,4029875156,9.972,100,9.466525041562383,155.6,0.57,-5.4848953864287235,150828840,0.29,1484582400000,0.73,,10705200,1.06,1.9,16873,3.76,,43.97,荣晟环保,19.33,,284998243,0
SH603650,24.98828665343793,0.0,10.774,11,2.06,False,0.01,10.574,614473388,58.91,4.95,179.9227,33.46,36198627287,1770912000000.0,36294920631,1.237,100,16.7386015102131,262.45,-0.24,10.825783493852171,1025271744,1.19,1530028800000,0.93,,17416527,1.06,10.28,72723,2.83,,43.99,彤程新材,63.423,,616107972,0
SH603007,16.45072672311645,,27.01,11,2.06,False,0.01,11.975,695089029,6.45,5.7,,6.79,4483324237,,5705967351,,100,-183.50124836102438,155.59,-0.15,8.355924581411767,138519735,0.13,1472140800000,-0.86,,21538979,1.28,11.87,25609,3.1,,44.0,*ST花王,,,884646101,0
SH600015,2.405027744553001,0.0,1.1784,11,1.97,False,0.01,0.347,15387223983,6.73,1.82,0.7716,-0.49,103556017406,1770912000000.0,107107468590,6.018,100,7.537431020719813,459.76,0.15,-1.884019444034779,745141327,0.13,1063296000000,1.71,,110522416,1.94,0.347,178157,0.72,,27.68,华夏银行,3.945,,15914928468,0
SH603088,-9.659643979083487,0.0,8.3285,11,1.96,False,0.01,5.971,437871840,13.01,9.33,41.5467,25.94,5696712638,1770912000000.0,6536067438,1.945,100,13.347154272284262,759.14,0.08,5.8564471842011745,833523091,0.25,1415635200000,0.24,,64610570,2.55,5.971,29280,14.76,,43.99,宁波精达,53.669,,502387966,0
SH600889,-6.021108144195619,0.0,16.6044,11,1.95,False,0.01,16.43,366346010,16.7,2.75,,-1.18,6117978367,1770912000000.0,6117978367,,100,-62.88548405837972,932.52,-0.12,-23.03898888427991,74986433,0.32,826214400000,-0.93,,4504519,1.22,16.431,33436,1.23,,105.61,南京化纤,,,366346010,0
SH603272,,,10.5685,11,1.91,False,0.01,4.363,103627000,23.5,4.03,,16.86,2435234500,,2435234500,0.426,100,3.709868970633306,50.74,0.13,7.871149640130803,82696937,0.44,1652976000000,0.2,,3525400,1.54,4.363,2553,3.4,,43.99,联翔股份,116.455,,103627000,0
SH600725,,,9.1139,11,1.91,False,0.01,21.154,1232470000,4.81,3.39,,15.07,5928180700,,5928180700,,100,-22.457097526169292,396.13,0.63,-19.272689965234257,114024761,0.09,836236800000,-0.06,,23861686,1.01,21.152,15707,1.94,,73.61,云维股份,,,1232470000,0
SH600292,,0.0,15.341,11,1.91,False,0.01,13.438,780816890,15.98,5.04,103.3603,22.45,12477453902,1770912000000.0,69995695092,,100,0.06959310018839146,214.95,-0.06,2.682594315313125,719482405,0.3,973008000000,0.0,80224750.0,45073818,1.03,2.432,47068,5.77,,187.67,电投水电,19329.444,,4380206201,0
SH603258,,0.0,11.2184,11,1.9,False,0.01,2.224,241341350,19.8,3.81,,6.97,4778558730,1770912000000.0,4829154660,1.177,100,-3.3942531718200866,-0.37,0.2,-20.959158434081026,147247464,0.37,1477411200000,-0.31,,7475800,1.29,2.225,28081,3.1,,43.98,电魂网络,,,243896700,0
SH603081,-26.68869514705743,0.0,2.5023,11,1.89,False,0.01,1.855,422499149,14.04,3.12,15.7159,0.07,5931888052,1770912000000.0,5931888052,0.947,100,3.432393706479226,1.59,0.0,-1.988685083692554,97784833,0.26,1492617600000,0.25,,6958924,1.23,1.855,12448,1.65,,43.95,大丰实业,56.993,,422499149,0
SH600593,-16.871571894303926,,9.6507,11,1.87,False,0.01,22.896,128800000,37.5,2.42,28.2049,-9.46,4830000000,,4891687500,,100,-40.46096671451487,259.19,-0.05,47.76004527615034,165977281,0.69,1026316800000,-0.84,,4415645,1.05,22.607,25257,3.43,,172.37,大连圣亚,,,130445000,0
SH605056,12.587757297194258,0.0,2.186,11,1.86,False,0.01,5.614,403393200,23.02,5.71,22.0479,40.18,9286111464,1770912000000.0,9424231464,1.916,100,15.70284915195122,58.06,-0.09,31.99933570357283,206976367,0.42,1626710400000,0.62,,8961600,1.17,5.626,7131,2.22,,44.03,咸亨国际,37.054,,409393200,0
